topic,total_citations
Advanced Neural Network Applications,391790
Domain Adaptation and Few-Shot Learning,351200
Advanced Image and Video Retrieval Techniques,199757
Multimodal Machine Learning Applications,197255
Human Pose and Action Recognition,165891
Advanced Vision and Imaging,155371
Advanced Image Processing Techniques,149453
Video Surveillance and Tracking Methods,148147
Generative Adversarial Networks and Image Synthesis,121705
Anomaly Detection Techniques and Applications,116431
